Rk_conversions,Tm,3DAtt,3DConv,3D%,4DAtt,4DConv,4D%,RZAtt,RZTD,RZPct,Rk_conversions_against,3DAtt_against,3DConv_against,3D%_against,4DAtt_against,4DConv_against,4D%_against,RZAtt_against,RZTD_against,RZPct_against,Rk_drive_averages,#Dr,Plays,Sc%_x,TO%_x,Avg_plays,Avg_yards,Avg_start,Avg_time,Avg_pts,Rk_drive_averages_against,#Dr_against,Plays_against,Sc%_against,TO%_against,Avg_plays_against,Avg_yards_against,Avg_start_against,Avg_time_against,Avg_pts_against,Rk_kick_and_punt_returns,Punt_Returns,Punt_return_yds,Punt_return_TD,Punt_return_lng,Punt_return_Y/R,Kick_return,Kick_return_yds,Kick_return_TD,Kick_return_lng,Kick_return_Y/Rt,Kick_return_APYd,Rk_kick_and_punt_returns_against,Punt_Returns_Against,Punt_return_yds_against,Punt_return_TD_against,Punt_return_Y/R_against,Kick_return_against,Kick_return_yds_against,Kick_return_TD_against,Kick_return_Y/Rt_against,Rk_passing,Cmp,Passing_Att,Cmp%,Passing_yds,Passing_tds,Passing_td%,Int_thrown,Int%_thrown,Passing_lng,Y/A_passing,AY/A_passing,Y/C_passing,Y/G_passing,rate,Sk_allowed,SkYds_allowed,Sk%_allowed,NY/A_passing_x,ANY/A_passing,4QC,GWD,EXP_passing,Rk_passing_defense,Cmp_allowed,Att_allowed_passing_x,Cmp%_allowed,Passing_yds_allowed,Passing_TDs_allowed,Passing_TD%_allowed,Int_x,Passes_defended,Int%,Y/A_passing_allowed,AY/A_passing_allowed,Y/C_passing_allowed,Y/G_passing_allowed,Rate_allowed,Sk_x,SkYds,QBHits,TFL,Sk%,NY/A_passing_allowed,EXP_passing_defense,punting_rk,Pnt,Pnt_Yds_total,Y/P_x,RetYds,Net,NY/P,Lng,TB,TB%,In20,In20%,Blk_allowed,Punting_against_rk,Pnt_against,Pnt_Yds_against,Y/P_against,Blk,Rk_rushing,Rushing_Att_x,Rushing_yds,Rushing_tds,Lng_rushing,Y/A_rushing,Y/G_rushing,Fmb,EXP_rushing,Rk_rushing_allowed,Rushing_att_allowed_x,Rushing_Yds_allowed_x,Rushing_Tds_allowed_x,Y/A_rushing_allowed_x,Y/G_rushing_allowed,EXP_rushing_allowed,Rk_scoring_offense,RshTd,RecTd,PR_TD,KR_TD,FblTD,IntTD,OthTD,AllTD,2PM,2PA,D2P,XPM,XPA,FGM,FGA,Sfty,Pts,Pts/G,Rk_scoring_defense,RshTD_allowed,RecTD_allowed,PR_TD_allowed,KR_TD_allowed,FblTD_allowed,IntTD_allowed,OthTD_allowed,AllTD_allowed,2PM_allowed,2PA_allowed,D2P_allowed,XPM_allowed,XPA_allowed,FGM_allowed,FGA_allowed,Sfty_allowed,Pts_allowed,Pts/G_allowed,Att_allowed_passing_y,Cmp_allowed_passing_x,Yds_allowed_passing_x,TD_allowed_passing,DADOT,Air_yards_Cmp,YAC_allowed,Bltz,Bltz%,Hrry,Hrry%,QBKD,QBKD%,Sk_y,Prss,Prss%,MTkl,Rk_team_defense,PA,Yds_allowed,Ply_allowed,Y/P_allowed,Takeaways,FL_forced,1stD_allowed,Cmp_allowed_passing_y,Att_allowed_passing,Yds_allowed_passing_y,TDs_allowed_passing,Int_y,NY/A_allowed_passing,1stD_allowed_passing,Rushing_att_allowed_y,Rushing_Yds_allowed_y,Rushing_Tds_allowed_y,Y/A_rushing_allowed_y,1stD_allowed_rushing,Pen_defense,Pen_yds_defense,1stPy_defense,Sc%_allowed,TO%_y,EXP_allowed,Rk_team_offense,PF,Yds,Ply,Y/P_y,TO_allowed,FL_allowed,1stD,Cmp_passing,Att_passing,Passing_Yds,Passing_TDs,Int_allowed,NY/A_passing_y,1stD_passing,Rushing_Att_y,Rushing_Yds,RushingTDs,Rushing_Y/A,Rushing_1stD,Pen_offense,Pen_Yds_offense,1stPy_offense,Sc%_y,TO%_allowed,EXP
3.0,Arizona Cardinals,96.0,43.0,44.8%,7.0,4.0,57.1%,27.0,15.0,55.6%,10.0,85.0,30.0,35.3%,13.0,7.0,53.8%,25.0,15.0,60.0%,19.0,69.0,456.0,40.6,10.1,6.6,31.4,Own 31.0,3:13,2.09,20.0,73.0,465.0,41.1,8.2,6.4,32.2,Own 28.2,2:43,2.05,21.0,10.0,123.0,0.0,29.0,12.3,27.0,693.0,0.0,39.0,25.7,3179.0,7.0,12.0,99.0,0.0,8.3,31.0,810.0,0.0,26.1,14.0,162.0,242.0,66.9,1399.0,10.0,4.1,4.0,1.7,45.0,6.5,6.5,9.6,199.9,91.6,24.0,162.0,9.0,5.3,5.3,,,36.92,25.0,169.0,266.0,63.5,1644.0,8.0,3.0,4.0,40.0,1.5,6.5,6.4,10.2,234.9,85.8,12.0,80.0,35.0,33.0,4.3,5.9,-47.3,13.0,25.0,1272.0,50.9,99.0,1113.0,44.5,63.0,3.0,12.0%,9.0,36.0%,0.0,18.0,23.0,1182.0,51.4,0.0,15.0,175.0,773.0,5.0,71.0,4.4,110.4,5.0,-2.25,14.0,170.0,706.0,7.0,4.2,100.9,4.97,15.0,5.0,10.0,,,1.0,,,16.0,,0.0,,16.0,16.0,13.0,15.0,1.0,153.0,21.9,15.0,7.0,8.0,,,1.0,,,16.0,,2.0,,13.0,14.0,15.0,17.0,,154.0,22.0,266.0,169.0,1644.0,8.0,7.8,1014.0,705.0,59.0,20.5%,16.0,5.6%,21.0,7.9%,12.0,49.0,17.0%,35.0,17.0,154.0,2350.0,448.0,5.2,7.0,3.0,150.0,169.0,266.0,1644.0,8.0,4.0,5.9,91.0,170.0,706.0,7.0,4.2,41.0,52.0,484.0,18.0,41.1,8.2,-33.31,14.0,153.0,2172.0,441.0,4.9,8.0,4.0,133.0,162.0,242.0,1399.0,10.0,4.0,5.3,80.0,175.0,773.0,5.0,4.4,38.0,54.0,393.0,15.0,40.6,10.1,29.75
16.0,Atlanta Falcons,78.0,33.0,42.3%,11.0,4.0,36.4%,18.0,8.0,44.4%,4.0,68.0,26.0,38.2%,8.0,6.0,75.0%,11.0,8.0,72.7%,29.0,63.0,405.0,34.9,9.5,6.4,34.6,Own 28.1,3:04,1.75,1.0,58.0,341.0,39.7,12.1,5.9,27.4,Own 32.3,2:52,1.95,26.0,8.0,57.0,0.0,17.0,7.1,24.0,501.0,0.0,45.0,20.9,2832.0,28.0,11.0,89.0,0.0,8.1,23.0,603.0,0.0,26.2,19.0,124.0,202.0,61.4,1368.0,5.0,2.5,3.0,1.5,69.0,7.1,6.9,11.6,228.0,85.0,9.0,70.0,4.3,6.5,6.3,,,9.51,1.0,92.0,156.0,59.0,847.0,7.0,4.5,6.0,27.0,3.8,6.0,5.2,10.2,141.2,75.1,15.0,87.0,33.0,25.0,8.8,5.0,2.59,30.0,18.0,797.0,44.3,89.0,679.0,37.7,61.0,1.0,5.6%,7.0,38.9%,0.0,3.0,22.0,1049.0,47.7,0.0,12.0,179.0,818.0,6.0,81.0,4.6,136.3,6.0,10.49,19.0,157.0,744.0,4.0,4.7,124.0,-8.44,8.0,6.0,5.0,,,,,,11.0,,0.0,,11.0,11.0,11.0,15.0,,110.0,18.3,8.0,4.0,7.0,,,,1.0,,12.0,1.0,1.0,,10.0,11.0,12.0,13.0,,120.0,20.0,156.0,92.0,847.0,7.0,9.4,598.0,337.0,74.0,39.8%,6.0,3.2%,11.0,7.1%,15.0,32.0,17.2%,17.0,3.0,120.0,1591.0,328.0,4.9,9.0,3.0,98.0,92.0,156.0,847.0,7.0,6.0,5.0,50.0,157.0,744.0,4.0,4.7,41.0,36.0,304.0,7.0,39.7,12.1,-3.6,30.0,110.0,2186.0,390.0,5.6,6.0,3.0,124.0,124.0,202.0,1368.0,5.0,3.0,6.5,69.0,179.0,818.0,6.0,4.6,43.0,33.0,230.0,12.0,34.9,9.5,17.8
26.0,Baltimore Ravens,69.0,28.0,40.6%,12.0,4.0,33.3%,18.0,8.0,44.4%,26.0,84.0,37.0,44.0%,14.0,11.0,78.6%,30.0,21.0,70.0%,31.0,62.0,335.0,40.3,16.1,5.4,29.9,Own 31.8,2:41,2.24,7.0,65.0,418.0,53.8,4.6,6.4,34.9,Own 34.9,2:58,3.03,27.0,7.0,111.0,0.0,35.0,15.9,31.0,762.0,0.0,43.0,24.6,3003.0,32.0,5.0,27.0,0.0,5.4,24.0,612.0,0.0,25.5,31.0,112.0,163.0,68.7,1098.0,10.0,6.1,5.0,3.1,56.0,7.6,7.5,11.1,183.0,98.7,20.0,142.0,10.9,6.0,5.9,,,4.83,17.0,148.0,216.0,68.5,1479.0,14.0,6.5,1.0,14.0,0.5,7.1,8.2,10.4,246.5,108.4,8.0,53.0,28.0,25.0,3.6,6.6,-64.23,31.0,17.0,853.0,50.2,27.0,786.0,46.2,63.0,2.0,11.8%,6.0,35.3%,0.0,2.0,17.0,736.0,43.3,1.0,16.0,142.0,757.0,6.0,71.0,5.3,126.2,9.0,-1.17,20.0,179.0,806.0,9.0,4.5,134.3,-14.31,32.0,6.0,10.0,,,1.0,,,17.0,,1.0,,15.0,16.0,9.0,10.0,,144.0,24.0,32.0,9.0,14.0,,,,,,23.0,,3.0,,20.0,20.0,12.0,15.0,,194.0,32.3,216.0,148.0,1479.0,14.0,7.9,929.0,585.0,58.0,24.6%,9.0,3.8%,18.0,8.3%,8.0,35.0,14.8%,41.0,29.0,194.0,2285.0,403.0,5.7,3.0,2.0,136.0,148.0,216.0,1479.0,14.0,1.0,6.6,79.0,179.0,806.0,9.0,4.5,48.0,34.0,254.0,9.0,53.8,4.6,-72.41,23.0,144.0,1855.0,325.0,5.7,10.0,5.0,103.0,112.0,163.0,1098.0,10.0,5.0,6.0,55.0,142.0,757.0,6.0,5.3,38.0,38.0,274.0,10.0,40.3,16.1,4.43
27.0,Buffalo Bills,68.0,28.0,41.2%,5.0,3.0,60.0%,25.0,16.0,64.0%,8.0,71.0,29.0,40.8%,7.0,4.0,57.1%,18.0,10.0,55.6%,27.0,64.0,389.0,46.9,9.4,6.1,35.3,Own 28.3,3:07,2.66,4.0,62.0,353.0,40.3,8.1,5.7,31.3,Own 31.6,2:36,2.24,18.0,11.0,64.0,0.0,15.0,5.8,26.0,671.0,0.0,41.0,25.8,3086.0,17.0,7.0,59.0,0.0,8.4,31.0,802.0,0.0,25.9,20.0,123.0,180.0,68.3,1364.0,11.0,6.1,4.0,2.2,51.0,7.9,8.2,11.6,227.3,103.2,12.0,65.0,6.3,7.1,7.3,1.0,2.0,55.34,2.0,106.0,165.0,64.2,1003.0,7.0,4.2,2.0,16.0,1.2,6.6,6.9,10.3,167.2,92.2,15.0,84.0,28.0,35.0,8.3,5.6,-4.29,28.0,19.0,809.0,42.6,59.0,746.0,39.3,50.0,0.0,0.0%,8.0,42.1%,0.0,5.0,25.0,1205.0,48.2,0.0,6.0,186.0,906.0,9.0,44.0,4.9,151.0,8.0,18.66,28.0,163.0,938.0,9.0,5.8,156.3,-31.75,17.0,9.0,11.0,,,,,,20.0,,3.0,,17.0,17.0,10.0,11.0,,167.0,27.8,17.0,9.0,7.0,,,,,,16.0,,1.0,,14.0,15.0,9.0,10.0,,137.0,22.8,165.0,106.0,1003.0,7.0,6.9,560.0,526.0,47.0,24.2%,25.0,12.9%,12.0,7.3%,15.0,52.0,26.8%,34.0,10.0,137.0,1941.0,343.0,5.7,5.0,3.0,114.0,106.0,165.0,1003.0,7.0,2.0,5.6,54.0,163.0,938.0,9.0,5.8,51.0,36.0,312.0,9.0,40.3,8.1,-30.82,11.0,167.0,2270.0,378.0,6.0,6.0,2.0,139.0,123.0,180.0,1364.0,11.0,4.0,7.1,73.0,186.0,906.0,9.0,4.9,50.0,44.0,351.0,16.0,46.9,9.4,65.09
12.0,Carolina Panthers,91.0,34.0,37.4%,18.0,12.0,66.7%,22.0,13.0,59.1%,16.0,83.0,33.0,39.8%,11.0,7.0,63.6%,21.0,12.0,57.1%,18.0,70.0,470.0,38.6,11.4,6.7,32.6,Own 28.7,3:15,2.01,14.0,69.0,404.0,37.7,10.1,5.9,30.0,Own 30.4,2:47,2.0,19.0,11.0,66.0,0.0,15.0,6.0,22.0,514.0,0.0,45.0,23.4,3041.0,13.0,14.0,265.0,1.0,18.9,26.0,525.0,0.0,20.2,23.0,147.0,237.0,62.0,1306.0,12.0,5.1,5.0,2.1,40.0,5.9,6.0,9.6,186.6,86.6,12.0,100.0,4.8,5.2,5.3,2.0,2.0,11.62,12.0,141.0,221.0,63.8,1422.0,10.0,4.5,6.0,28.0,2.7,6.7,6.4,10.6,203.1,87.1,11.0,69.0,24.0,25.0,4.7,6.1,-38.46,19.0,23.0,1082.0,47.0,265.0,797.0,34.7,68.0,1.0,4.3%,10.0,43.5%,0.0,13.0,25.0,1233.0,49.3,0.0,2.0,208.0,981.0,3.0,53.0,4.7,140.1,8.0,14.32,9.0,159.0,648.0,5.0,4.1,92.6,17.48,14.0,3.0,12.0,,,,1.0,,16.0,,2.0,,13.0,14.0,12.0,13.0,,145.0,20.7,14.0,5.0,10.0,1.0,,1.0,,,17.0,,0.0,,17.0,17.0,11.0,13.0,,152.0,21.7,221.0,141.0,1422.0,10.0,7.9,801.0,672.0,47.0,19.0%,11.0,4.5%,11.0,5.0%,11.0,33.0,13.4%,31.0,15.0,152.0,2070.0,391.0,5.3,7.0,1.0,110.0,141.0,221.0,1422.0,10.0,6.0,6.1,71.0,159.0,648.0,5.0,4.1,34.0,53.0,393.0,5.0,37.7,10.1,-15.99,22.0,145.0,2287.0,457.0,5.0,9.0,4.0,147.0,147.0,237.0,1306.0,12.0,5.0,5.2,78.0,208.0,981.0,3.0,4.7,53.0,42.0,350.0,16.0,38.6,11.4,15.95
21.0,Chicago Bears,77.0,31.0,40.3%,7.0,3.0,42.9%,20.0,10.0,50.0%,1.0,59.0,18.0,30.5%,8.0,4.0,50.0%,19.0,13.0,68.4%,22.0,67.0,390.0,43.3,7.5,5.8,30.7,Own 34.4,2:48,2.19,8.0,66.0,344.0,37.9,24.2,5.2,30.8,Own 30.2,2:34,2.23,17.0,11.0,121.0,0.0,22.0,11.0,26.0,670.0,0.0,44.0,25.8,3107.0,16.0,11.0,131.0,0.0,11.9,27.0,707.0,0.0,26.2,24.0,115.0,188.0,61.2,1303.0,9.0,4.8,3.0,1.6,65.0,7.3,7.6,12.0,217.2,92.9,11.0,75.0,5.5,6.5,6.8,2.0,2.0,29.22,9.0,123.0,172.0,71.5,1274.0,15.0,8.7,11.0,27.0,6.4,7.7,6.6,10.8,212.3,96.3,12.0,56.0,27.0,27.0,6.5,6.9,-34.18,23.0,22.0,1037.0,47.1,131.0,886.0,40.3,62.0,1.0,4.5%,7.0,31.8%,0.0,12.0,17.0,799.0,47.0,0.0,14.0,175.0,776.0,6.0,24.0,4.4,129.3,7.0,0.41,21.0,155.0,826.0,4.0,5.3,137.7,2.83,25.0,6.0,9.0,,,,1.0,,16.0,,2.0,,14.0,14.0,14.0,16.0,,152.0,25.3,25.0,4.0,15.0,,,,,,19.0,2.0,3.0,,16.0,16.0,7.0,11.0,,155.0,25.8,172.0,123.0,1274.0,15.0,7.7,732.0,562.0,44.0,22.6%,12.0,6.2%,13.0,7.6%,12.0,37.0,19.0%,42.0,19.0,155.0,2100.0,339.0,6.2,16.0,5.0,117.0,123.0,172.0,1274.0,15.0,11.0,6.9,60.0,155.0,826.0,4.0,5.3,42.0,30.0,209.0,15.0,37.9,24.2,-25.92,16.0,152.0,2079.0,374.0,5.6,5.0,2.0,116.0,115.0,188.0,1303.0,9.0,3.0,6.5,62.0,175.0,776.0,6.0,4.4,47.0,53.0,454.0,7.0,43.3,7.5,18.74
10.0,Cincinnati Bengals,90.0,35.0,38.9%,4.0,4.0,100.0%,18.0,12.0,66.7%,30.0,84.0,41.0,48.8%,7.0,4.0,57.1%,32.0,23.0,71.9%,9.0,75.0,413.0,33.3,14.7,5.5,25.1,Own 27.8,2:32,1.8,24.0,75.0,463.0,44.0,12.0,6.2,36.8,Own 33.0,3:04,2.65,30.0,6.0,78.0,0.0,23.0,13.0,33.0,793.0,0.0,37.0,24.0,2898.0,4.0,18.0,204.0,0.0,11.3,26.0,746.0,0.0,28.7,15.0,161.0,252.0,63.9,1399.0,13.0,5.2,8.0,3.2,64.0,6.0,5.6,9.4,199.9,84.2,18.0,108.0,6.7,5.2,4.8,2.0,2.0,-5.38,31.0,162.0,237.0,68.4,1800.0,17.0,7.2,8.0,30.0,3.4,7.8,7.8,11.5,257.1,101.6,11.0,58.0,28.0,22.0,4.4,7.3,-70.36,3.0,34.0,1779.0,52.3,204.0,1435.0,42.2,70.0,7.0,20.6%,11.0,32.4%,0.0,30.0,22.0,1010.0,45.9,0.0,32.0,131.0,482.0,2.0,37.0,3.7,68.9,7.0,-0.24,29.0,206.0,961.0,8.0,4.7,137.3,-18.71,31.0,2.0,13.0,,,,,,15.0,1.0,1.0,,14.0,14.0,10.0,12.0,,136.0,19.4,31.0,8.0,17.0,,,1.0,1.0,,27.0,,0.0,,26.0,27.0,8.0,9.0,1.0,214.0,30.6,237.0,162.0,1800.0,17.0,7.2,778.0,1080.0,37.0,14.2%,17.0,6.5%,16.0,6.8%,11.0,44.0,16.9%,79.0,32.0,214.0,2761.0,454.0,6.1,9.0,1.0,160.0,162.0,237.0,1800.0,17.0,8.0,7.3,93.0,206.0,961.0,8.0,4.7,57.0,53.0,440.0,10.0,44.0,12.0,-86.83,25.0,136.0,1881.0,401.0,4.7,11.0,3.0,124.0,161.0,252.0,1399.0,13.0,8.0,5.2,73.0,131.0,482.0,2.0,3.7,31.0,38.0,254.0,20.0,33.3,14.7,-11.29
8.0,Cleveland Browns,104.0,36.0,34.6%,16.0,10.0,62.5%,18.0,10.0,55.6%,20.0,93.0,35.0,37.6%,6.0,3.0,50.0%,17.0,12.0,70.6%,2.0,78.0,472.0,26.9,10.3,6.1,24.3,Own 31.5,2:46,1.37,27.0,77.0,409.0,33.8,9.1,5.3,23.1,Own 30.1,2:39,1.79,10.0,13.0,103.0,0.0,16.0,7.9,27.0,644.0,0.0,32.0,23.9,2853.0,11.0,16.0,186.0,1.0,11.6,25.0,648.0,0.0,25.9,27.0,157.0,267.0,58.8,1247.0,5.0,1.9,6.0,2.2,35.0,5.1,4.5,8.7,178.1,69.2,19.0,114.0,6.6,4.4,3.8,1.0,1.0,-41.43,5.0,131.0,200.0,65.5,1216.0,12.0,6.0,5.0,25.0,2.5,6.7,6.8,10.3,173.7,94.3,18.0,129.0,36.0,46.0,8.3,5.6,-12.15,1.0,39.0,1741.0,44.6,186.0,1455.0,36.4,67.0,6.0,15.4%,14.0,35.9%,1.0,32.0,32.0,1620.0,50.6,0.0,25.0,174.0,648.0,6.0,46.0,3.7,92.6,4.0,0.91,5.0,177.0,577.0,3.0,3.3,82.4,36.58,13.0,6.0,5.0,,,,1.0,,12.0,,0.0,,11.0,12.0,10.0,12.0,,113.0,16.1,13.0,3.0,12.0,1.0,,1.0,,,17.0,,0.0,,17.0,17.0,11.0,14.0,,152.0,21.7,200.0,131.0,1216.0,12.0,7.5,663.0,646.0,60.0,26.4%,14.0,6.2%,15.0,7.5%,18.0,47.0,20.7%,38.0,16.0,152.0,1793.0,395.0,4.5,8.0,3.0,106.0,131.0,200.0,1216.0,12.0,5.0,5.6,65.0,177.0,577.0,3.0,3.3,29.0,61.0,383.0,12.0,33.8,9.1,31.47,29.0,113.0,1895.0,460.0,4.1,8.0,2.0,122.0,157.0,267.0,1247.0,5.0,6.0,4.4,63.0,174.0,648.0,6.0,3.7,43.0,48.0,388.0,16.0,26.9,10.3,-47.15
6.0,Dallas Cowboys,84.0,37.0,44.0%,8.0,6.0,75.0%,27.0,18.0,66.7%,32.0,95.0,49.0,51.6%,10.0,5.0,50.0%,27.0,18.0,66.7%,10.0,75.0,462.0,52.0,8.0,6.2,36.4,Own 28.9,2:52,2.84,25.0,75.0,476.0,48.0,8.0,6.3,37.4,Own 27.4,3:00,2.72,25.0,8.0,61.0,0.0,19.0,7.6,32.0,768.0,0.0,45.0,24.0,3691.0,8.0,14.0,134.0,0.0,9.6,29.0,722.0,0.0,24.9,2.0,188.0,264.0,71.2,1879.0,16.0,6.1,4.0,1.5,74.0,7.3,7.8,10.2,268.4,105.7,8.0,43.0,2.9,6.9,7.4,2.0,1.0,100.56,32.0,164.0,238.0,68.9,1822.0,16.0,6.7,3.0,15.0,1.3,8.1,8.9,11.8,260.3,110.6,15.0,116.0,41.0,34.0,5.9,7.2,-64.13,18.0,23.0,1069.0,46.5,134.0,935.0,40.7,60.0,0.0,0.0%,8.0,34.8%,0.0,15.0,23.0,1100.0,47.8,0.0,10.0,175.0,855.0,8.0,66.0,4.9,122.1,6.0,10.31,31.0,211.0,989.0,8.0,4.7,141.3,-25.68,30.0,8.0,16.0,,,,1.0,,25.0,1.0,1.0,1.0,23.0,24.0,15.0,15.0,,222.0,31.7,30.0,8.0,16.0,,,,,,24.0,2.0,3.0,,20.0,21.0,12.0,12.0,1.0,206.0,29.4,238.0,164.0,1822.0,16.0,8.2,1030.0,908.0,66.0,24.2%,41.0,15.0%,26.0,10.9%,15.0,82.0,30.0%,48.0,31.0,206.0,2811.0,464.0,6.1,6.0,3.0,163.0,164.0,238.0,1822.0,16.0,3.0,7.2,81.0,211.0,989.0,8.0,4.7,69.0,63.0,600.0,13.0,48.0,8.0,-80.32,2.0,222.0,2734.0,447.0,6.1,6.0,2.0,161.0,188.0,264.0,1879.0,16.0,4.0,6.9,93.0,175.0,855.0,8.0,4.9,46.0,58.0,475.0,22.0,52.0,8.0,106.4
15.0,Denver Broncos,95.0,34.0,35.8%,8.0,4.0,50.0%,22.0,15.0,68.2%,7.0,96.0,28.0,29.2%,7.0,3.0,42.9%,16.0,6.0,37.5%,1.0,80.0,466.0,35.0,7.5,5.8,30.4,Own 30.2,2:42,2.0,32.0,81.0,443.0,34.6,4.9,5.5,23.7,Own 28.5,2:31,1.58,2.0,17.0,209.0,0.0,32.0,12.3,28.0,686.0,0.0,34.0,24.5,3395.0,5.0,15.0,157.0,0.0,10.5,29.0,846.0,0.0,29.2,12.0,160.0,256.0,62.5,1506.0,11.0,4.3,4.0,1.6,52.0,6.1,6.2,9.7,215.1,87.3,8.0,50.0,3.0,5.7,5.9,3.0,3.0,25.37,7.0,124.0,222.0,55.9,1259.0,7.0,3.2,2.0,39.0,0.9,6.6,6.8,11.8,179.9,82.8,34.0,202.0,73.0,35.0,13.3,4.9,-1.42,2.0,36.0,1729.0,48.0,157.0,1492.0,41.4,63.0,4.0,11.1%,18.0,50.0%,0.0,31.0,41.0,2024.0,49.4,0.0,4.0,192.0,923.0,8.0,50.0,4.8,131.9,5.0,4.53,10.0,170.0,653.0,4.0,3.8,93.3,9.56,4.0,8.0,11.0,,,,,,19.0,3.0,3.0,,16.0,16.0,9.0,10.0,,163.0,23.3,4.0,4.0,7.0,,,,,,11.0,,1.0,,8.0,10.0,17.0,17.0,1.0,127.0,18.1,222.0,124.0,1259.0,7.0,9.8,775.0,623.0,75.0,28.3%,22.0,8.3%,31.0,14.0%,34.0,87.0,32.8%,40.0,7.0,127.0,1912.0,426.0,4.5,5.0,3.0,121.0,124.0,222.0,1259.0,7.0,2.0,4.9,66.0,170.0,653.0,4.0,3.8,32.0,57.0,395.0,23.0,34.6,4.9,17.04,12.0,163.0,2429.0,456.0,5.3,7.0,3.0,141.0,160.0,256.0,1506.0,11.0,4.0,5.7,78.0,192.0,923.0,8.0,4.8,45.0,61.0,575.0,18.0,35.0,7.5,30.54
19.0,Detroit Lions,85.0,32.0,37.6%,13.0,8.0,61.5%,29.0,21.0,72.4%,12.0,85.0,32.0,37.6%,13.0,6.0,46.2%,22.0,14.0,63.6%,3.0,78.0,435.0,43.6,6.4,5.6,31.9,Own 34.0,2:51,2.64,30.0,80.0,424.0,32.5,13.8,5.3,26.3,Own 29.1,2:28,1.93,14.0,12.0,125.0,1.0,65.0,10.4,25.0,636.0,0.0,37.0,25.4,3378.0,3.0,14.0,140.0,0.0,10.0,33.0,842.0,0.0,25.5,10.0,153.0,204.0,75.0,1565.0,16.0,7.8,3.0,1.5,64.0,8.0,8.9,10.7,223.6,118.0,13.0,69.0,6.0,7.2,8.1,0.0,1.0,65.33,18.0,150.0,238.0,63.0,1486.0,14.0,5.9,7.0,42.0,2.9,6.8,6.7,10.9,212.3,90.5,23.0,144.0,42.0,28.0,8.8,5.7,-16.67,10.0,27.0,1274.0,47.2,140.0,1070.0,39.6,66.0,0.0,0.0%,14.0,51.9%,0.0,23.0,28.0,1376.0,49.1,0.0,3.0,207.0,936.0,10.0,78.0,4.5,133.7,4.0,3.51,6.0,155.0,614.0,5.0,4.0,87.7,8.99,12.0,10.0,16.0,1.0,,,,,27.0,,0.0,,27.0,27.0,8.0,11.0,1.0,215.0,30.7,12.0,5.0,14.0,,,,,,19.0,,2.0,,16.0,17.0,7.0,8.0,,151.0,21.6,238.0,150.0,1486.0,14.0,9.2,825.0,577.0,55.0,19.9%,14.0,5.1%,16.0,6.7%,23.0,53.0,19.2%,25.0,14.0,151.0,2100.0,416.0,5.0,11.0,4.0,132.0,150.0,238.0,1486.0,14.0,7.0,5.7,80.0,155.0,614.0,5.0,4.0,36.0,33.0,209.0,16.0,32.5,13.8,-2.0,3.0,215.0,2501.0,424.0,5.9,5.0,2.0,139.0,153.0,204.0,1565.0,16.0,3.0,7.2,84.0,207.0,936.0,10.0,4.5,48.0,42.0,315.0,7.0,43.6,6.4,72.72
7.0,Green Bay Packers,75.0,37.0,49.3%,7.0,5.0,71.4%,25.0,18.0,72.0%,11.0,84.0,31.0,36.9%,14.0,8.0,57.1%,18.0,11.0,61.1%,32.0,61.0,376.0,47.5,4.9,6.2,33.8,Own 30.1,3:02,2.61,2.0,58.0,400.0,39.7,5.2,6.9,29.8,Own 31.0,3:11,2.09,13.0,13.0,71.0,0.0,20.0,5.5,19.0,505.0,0.0,36.0,26.6,2719.0,31.0,9.0,110.0,0.0,12.2,23.0,627.0,0.0,27.3,21.0,122.0,176.0,69.3,1355.0,10.0,5.7,2.0,1.1,57.0,8.2,8.8,11.8,225.8,108.1,10.0,83.0,5.4,7.3,7.9,2.0,1.0,63.27,8.0,161.0,238.0,67.6,1272.0,10.0,4.2,2.0,24.0,0.8,5.8,6.3,8.6,212.0,93.2,18.0,112.0,52.0,32.0,7.0,5.0,-29.72,27.0,19.0,990.0,52.1,110.0,820.0,43.2,65.0,3.0,15.8%,5.0,26.3%,0.0,7.0,22.0,1063.0,48.3,0.0,20.0,177.0,705.0,8.0,25.0,4.0,117.5,4.0,8.45,1.0,130.0,459.0,3.0,3.5,76.5,9.98,10.0,8.0,10.0,,,,,,18.0,,0.0,,17.0,18.0,11.0,13.0,,158.0,26.3,10.0,3.0,10.0,,,,,,13.0,2.0,2.0,,11.0,11.0,10.0,14.0,,125.0,20.8,238.0,161.0,1272.0,10.0,6.8,760.0,624.0,48.0,18.0%,16.0,6.0%,25.0,10.5%,18.0,59.0,22.2%,31.0,6.0,125.0,1731.0,386.0,4.5,3.0,1.0,115.0,161.0,238.0,1272.0,10.0,2.0,5.0,72.0,130.0,459.0,3.0,3.5,28.0,40.0,327.0,15.0,39.7,5.2,-14.94,13.0,158.0,2060.0,363.0,5.7,3.0,1.0,125.0,122.0,176.0,1355.0,10.0,2.0,7.3,67.0,177.0,705.0,8.0,4.0,42.0,50.0,379.0,16.0,47.5,4.9,66.63
32.0,Houston Texans,75.0,23.0,30.7%,11.0,7.0,63.6%,14.0,7.0,50.0%,3.0,75.0,24.0,32.0%,6.0,4.0,66.7%,15.0,10.0,66.7%,26.0,65.0,377.0,38.5,9.2,5.8,28.1,Own 32.6,2:51,1.89,10.0,67.0,358.0,22.4,14.9,5.3,24.3,Own 27.3,2:36,1.33,9.0,14.0,150.0,0.0,53.0,10.7,16.0,409.0,0.0,34.0,25.6,2592.0,22.0,11.0,127.0,0.0,11.5,25.0,619.0,0.0,24.8,29.0,127.0,197.0,64.5,1189.0,9.0,4.6,4.0,2.0,50.0,6.7,6.7,10.5,198.2,90.7,15.0,139.0,7.1,5.6,5.6,,,2.38,3.0,107.0,185.0,57.8,1074.0,4.0,2.2,7.0,27.0,3.8,6.4,5.1,11.0,179.0,68.3,14.0,108.0,31.0,30.0,7.0,5.4,22.72,14.0,25.0,1207.0,48.3,127.0,1040.0,41.6,66.0,2.0,8.0%,8.0,32.0%,0.0,17.0,30.0,1366.0,45.5,1.0,27.0,150.0,637.0,3.0,30.0,4.2,106.2,2.0,2.46,4.0,149.0,571.0,7.0,3.8,95.2,-0.87,1.0,3.0,9.0,,,1.0,,,13.0,,3.0,,10.0,10.0,13.0,15.0,,127.0,21.2,1.0,7.0,4.0,,,,,,11.0,,1.0,,10.0,10.0,4.0,10.0,,88.0,14.7,185.0,107.0,1074.0,4.0,8.2,529.0,440.0,39.0,18.9%,6.0,2.9%,13.0,7.0%,14.0,33.0,16.0%,41.0,1.0,88.0,1645.0,348.0,4.7,10.0,3.0,101.0,107.0,185.0,1074.0,4.0,7.0,5.4,56.0,149.0,571.0,7.0,3.8,30.0,48.0,352.0,15.0,22.4,14.9,26.17,27.0,127.0,1826.0,362.0,5.0,6.0,2.0,108.0,127.0,197.0,1189.0,9.0,4.0,5.6,59.0,150.0,637.0,3.0,4.2,32.0,44.0,372.0,17.0,38.5,9.2,-4.58
9.0,Indianapolis Colts,77.0,36.0,46.8%,11.0,9.0,81.8%,34.0,23.0,67.6%,31.0,89.0,43.0,48.3%,13.0,7.0,53.8%,23.0,14.0,60.9%,30.0,63.0,417.0,61.9,6.3,6.6,41.2,Own 31.9,3:13,3.38,5.0,64.0,457.0,39.1,17.2,7.1,37.8,Own 29.7,3:19,2.17,32.0,5.0,35.0,0.0,16.0,7.0,26.0,764.0,0.0,81.0,29.4,3620.0,10.0,4.0,17.0,0.0,4.3,37.0,936.0,0.0,25.3,5.0,153.0,217.0,70.5,1751.0,10.0,4.6,3.0,1.4,75.0,8.3,8.6,11.8,250.1,105.0,6.0,48.0,2.7,7.9,8.1,2.0,2.0,89.14,30.0,182.0,275.0,66.2,1788.0,13.0,4.7,9.0,34.0,3.3,7.0,6.4,10.5,255.4,88.4,19.0,126.0,54.0,37.0,6.5,6.1,-36.2,32.0,12.0,608.0,50.7,17.0,571.0,47.6,57.0,1.0,8.3%,7.0,58.3%,0.0,1.0,14.0,614.0,43.9,1.0,5.0,196.0,911.0,16.0,68.0,4.6,130.1,4.0,40.19,7.0,150.0,632.0,3.0,4.2,90.3,-7.54,9.0,16.0,10.0,,,,1.0,,27.0,2.0,5.0,,21.0,22.0,15.0,16.0,,232.0,33.1,9.0,3.0,13.0,,,,,,16.0,1.0,1.0,,15.0,15.0,9.0,13.0,,140.0,20.0,275.0,182.0,1788.0,13.0,7.4,1051.0,842.0,64.0,20.9%,29.0,9.5%,33.0,12.0%,19.0,81.0,26.5%,45.0,12.0,140.0,2420.0,444.0,5.5,11.0,2.0,152.0,182.0,275.0,1788.0,13.0,9.0,6.1,94.0,150.0,632.0,3.0,4.2,42.0,45.0,394.0,16.0,39.1,17.2,-40.28,1.0,232.0,2662.0,419.0,6.4,4.0,1.0,165.0,153.0,217.0,1751.0,10.0,3.0,7.9,90.0,196.0,911.0,16.0,4.6,59.0,47.0,383.0,16.0,61.9,6.3,121.34
20.0,Jacksonville Jaguars,94.0,31.0,33.0%,15.0,8.0,53.3%,22.0,11.0,50.0%,19.0,88.0,34.0,38.6%,7.0,4.0,57.1%,21.0,13.0,61.9%,4.0,78.0,472.0,32.1,7.7,6.1,30.1,Own 29.0,2:47,1.73,29.0,79.0,435.0,32.9,17.7,5.5,29.8,Own 29.3,2:34,1.95,11.0,13.0,172.0,1.0,87.0,13.2,22.0,557.0,0.0,54.0,25.3,3375.0,23.0,14.0,62.0,0.0,4.4,21.0,532.0,0.0,25.3,11.0,152.0,259.0,58.7,1506.0,9.0,3.5,5.0,1.9,46.0,6.3,6.1,10.7,215.1,80.6,20.0,114.0,7.2,5.4,5.2,1.0,2.0,7.33,29.0,159.0,257.0,61.9,1720.0,15.0,5.8,10.0,45.0,3.9,6.9,6.3,11.2,245.7,85.7,8.0,59.0,35.0,24.0,3.0,6.5,-25.42,7.0,30.0,1441.0,48.0,62.0,1299.0,43.3,62.0,4.0,13.3%,10.0,33.3%,0.0,26.0,29.0,1370.0,47.2,0.0,11.0,179.0,838.0,6.0,71.0,4.7,119.7,5.0,11.79,8.0,162.0,638.0,4.0,3.9,91.1,9.29,16.0,6.0,9.0,1.0,,,1.0,,17.0,,2.0,,14.0,15.0,10.0,14.0,,146.0,20.9,16.0,4.0,15.0,,,,,,19.0,1.0,1.0,,18.0,18.0,7.0,8.0,,155.0,22.1,257.0,159.0,1720.0,15.0,9.1,1057.0,696.0,64.0,22.9%,28.0,10.0%,26.0,10.1%,8.0,62.0,22.1%,36.0,18.0,155.0,2358.0,427.0,5.5,14.0,4.0,139.0,159.0,257.0,1720.0,15.0,10.0,6.5,89.0,162.0,638.0,4.0,3.9,32.0,44.0,394.0,18.0,32.9,17.7,-10.54,19.0,146.0,2344.0,458.0,5.1,6.0,1.0,134.0,152.0,259.0,1506.0,9.0,5.0,5.4,76.0,179.0,838.0,6.0,4.7,45.0,65.0,528.0,13.0,32.1,7.7,8.73
4.0,Kansas City Chiefs,90.0,40.0,44.4%,15.0,12.0,80.0%,30.0,20.0,66.7%,5.0,74.0,26.0,35.1%,14.0,4.0,28.6%,17.0,10.0,58.8%,25.0,65.0,469.0,52.3,3.1,7.2,39.9,Own 31.4,3:29,2.92,6.0,64.0,380.0,34.4,10.9,5.9,30.6,Own 28.4,3:02,1.84,15.0,12.0,106.0,0.0,25.0,8.8,25.0,672.0,0.0,47.0,26.9,3471.0,21.0,5.0,36.0,0.0,7.2,31.0,791.0,0.0,25.5,6.0,164.0,248.0,66.1,1730.0,14.0,5.6,2.0,0.8,49.0,7.3,8.0,11.0,247.1,102.9,11.0,70.0,4.2,6.7,7.4,,,74.96,6.0,134.0,193.0,69.4,1222.0,7.0,3.6,4.0,22.0,2.1,6.6,6.4,9.5,174.6,91.0,15.0,55.0,38.0,30.0,7.2,5.9,1.66,29.0,18.0,786.0,43.7,36.0,750.0,41.7,69.0,0.0,0.0%,11.0,61.1%,0.0,4.0,21.0,1017.0,48.4,0.0,9.0,195.0,864.0,8.0,35.0,4.4,123.4,7.0,20.12,17.0,163.0,740.0,6.0,4.5,105.7,-9.11,3.0,8.0,14.0,,,,,,22.0,,1.0,,18.0,21.0,12.0,15.0,,186.0,26.6,3.0,6.0,7.0,,,,1.0,,14.0,,0.0,,13.0,14.0,9.0,9.0,,124.0,17.7,193.0,134.0,1222.0,7.0,7.0,589.0,688.0,70.0,30.6%,6.0,2.6%,21.0,10.9%,15.0,42.0,18.3%,30.0,4.0,124.0,1962.0,371.0,5.3,7.0,3.0,117.0,134.0,193.0,1222.0,7.0,4.0,5.9,60.0,163.0,740.0,6.0,4.5,44.0,41.0,356.0,13.0,34.4,10.9,1.57,5.0,186.0,2594.0,454.0,5.7,2.0,0.0,163.0,164.0,248.0,1730.0,14.0,2.0,6.7,91.0,195.0,864.0,8.0,4.4,62.0,47.0,388.0,10.0,52.3,3.1,85.26
17.0,Las Vegas Raiders,87.0,33.0,37.9%,11.0,5.0,45.5%,18.0,7.0,38.9%,29.0,89.0,40.0,44.9%,8.0,6.0,75.0%,26.0,16.0,61.5%,11.0,75.0,407.0,28.0,16.0,5.4,25.7,Own 28.8,2:43,1.37,15.0,69.0,430.0,43.5,10.1,6.2,32.0,Own 34.8,3:03,2.35,20.0,10.0,106.0,0.0,25.0,10.6,28.0,744.0,0.0,38.0,26.6,2949.0,29.0,12.0,184.0,1.0,15.3,21.0,571.0,0.0,27.2,26.0,135.0,204.0,66.2,1279.0,7.0,3.4,10.0,4.9,61.0,7.0,5.5,10.6,182.7,77.3,19.0,146.0,8.5,5.7,4.3,,,1.43,22.0,159.0,236.0,67.4,1576.0,11.0,4.7,3.0,25.0,1.3,7.1,7.5,10.5,225.1,98.1,15.0,101.0,31.0,43.0,6.0,6.3,-63.51,11.0,26.0,1197.0,46.0,184.0,980.0,36.3,63.0,2.0,7.7%,8.0,30.8%,1.0,22.0,25.0,1115.0,44.6,0.0,24.0,170.0,656.0,3.0,64.0,3.9,93.7,4.0,-30.31,16.0,183.0,724.0,9.0,4.0,103.4,6.45,24.0,3.0,7.0,,,,,,10.0,1.0,2.0,,8.0,8.0,11.0,14.0,,103.0,14.7,24.0,9.0,11.0,1.0,,,,,21.0,1.0,5.0,,16.0,16.0,12.0,14.0,,180.0,25.7,236.0,159.0,1576.0,11.0,7.5,908.0,706.0,55.0,20.8%,15.0,5.7%,19.0,8.1%,15.0,49.0,18.5%,46.0,25.0,180.0,2300.0,434.0,5.3,7.0,4.0,135.0,159.0,236.0,1576.0,11.0,3.0,6.3,79.0,183.0,724.0,9.0,4.0,45.0,50.0,366.0,11.0,43.5,10.1,-42.32,31.0,103.0,1935.0,393.0,4.9,12.0,2.0,111.0,135.0,204.0,1279.0,7.0,10.0,5.7,66.0,170.0,656.0,3.0,3.9,33.0,45.0,364.0,12.0,28.0,16.0,-33.65
2.0,Los Angeles Chargers,100.0,46.0,46.0%,10.0,7.0,70.0%,24.0,10.0,41.7%,21.0,89.0,35.0,39.3%,12.0,9.0,75.0%,26.0,13.0,50.0%,20.0,68.0,471.0,44.1,13.2,6.9,38.3,Own 28.1,3:18,2.21,12.0,69.0,425.0,46.4,10.1,6.2,32.0,Own 31.8,2:50,2.38,16.0,11.0,90.0,0.0,33.0,8.2,28.0,713.0,0.0,40.0,25.5,3562.0,14.0,8.0,100.0,0.0,12.5,32.0,951.0,0.0,29.7,3.0,186.0,275.0,67.6,1831.0,13.0,4.7,6.0,2.2,60.0,7.1,7.1,10.5,261.6,94.8,21.0,126.0,7.1,6.2,6.2,2.0,2.0,33.56,10.0,136.0,221.0,61.5,1346.0,7.0,3.2,6.0,35.0,2.7,6.5,5.9,10.6,192.3,79.8,17.0,96.0,36.0,35.0,7.1,5.7,-23.56,24.0,20.0,1000.0,50.0,100.0,860.0,43.0,60.0,2.0,10.0%,8.0,40.0%,0.0,9.0,23.0,1103.0,48.0,0.0,13.0,160.0,778.0,2.0,54.0,4.9,111.1,8.0,10.56,22.0,171.0,865.0,10.0,5.1,123.6,-24.91,18.0,2.0,13.0,,,,,,15.0,1.0,1.0,,14.0,14.0,15.0,15.0,,151.0,21.6,18.0,10.0,7.0,,,,,,17.0,2.0,3.0,,12.0,14.0,15.0,16.0,,163.0,23.3,221.0,136.0,1346.0,7.0,8.0,662.0,780.0,50.0,19.1%,17.0,6.5%,18.0,8.1%,17.0,52.0,19.8%,39.0,20.0,163.0,2211.0,409.0,5.4,7.0,1.0,127.0,136.0,221.0,1346.0,7.0,6.0,5.7,61.0,171.0,865.0,10.0,5.1,52.0,47.0,386.0,14.0,46.4,10.1,-41.97,17.0,151.0,2609.0,456.0,5.7,10.0,4.0,146.0,186.0,275.0,1831.0,13.0,6.0,6.2,91.0,160.0,778.0,2.0,4.9,41.0,52.0,379.0,14.0,44.1,13.2,30.89
25.0,Los Angeles Rams,77.0,29.0,37.7%,12.0,8.0,66.7%,30.0,17.0,56.7%,18.0,100.0,34.0,34.0%,23.0,14.0,60.9%,20.0,8.0,40.0%,12.0,75.0,442.0,41.3,9.3,5.9,33.2,Own 31.5,2:40,2.36,19.0,72.0,470.0,31.9,13.9,6.5,29.2,Own 27.4,3:03,1.46,5.0,15.0,126.0,0.0,20.0,8.4,23.0,556.0,0.0,32.0,24.2,3262.0,27.0,10.0,142.0,0.0,14.2,24.0,434.0,0.0,18.1,4.0,160.0,243.0,65.8,1797.0,17.0,7.0,2.0,0.8,88.0,7.7,8.7,11.7,256.7,108.8,11.0,69.0,4.3,7.1,8.1,1.0,1.0,76.83,15.0,160.0,256.0,62.5,1458.0,8.0,3.1,4.0,38.0,1.6,6.4,6.3,10.2,208.3,84.6,26.0,171.0,58.0,35.0,9.2,5.2,23.27,21.0,22.0,1077.0,49.0,142.0,915.0,41.6,68.0,1.0,4.5%,11.0,50.0%,0.0,11.0,27.0,1317.0,48.8,0.0,19.0,175.0,724.0,4.0,45.0,4.1,103.4,8.0,-14.16,18.0,190.0,741.0,2.0,3.9,105.9,-3.83,2.0,4.0,17.0,,,,,,21.0,,0.0,,19.0,21.0,10.0,14.0,,175.0,25.0,2.0,2.0,8.0,,,,,1.0,11.0,,1.0,,9.0,9.0,14.0,15.0,,117.0,16.7,256.0,160.0,1458.0,8.0,7.9,962.0,667.0,57.0,19.4%,17.0,5.8%,31.0,12.1%,26.0,74.0,25.2%,25.0,2.0,117.0,2199.0,472.0,4.7,10.0,6.0,139.0,160.0,256.0,1458.0,8.0,4.0,5.2,75.0,190.0,741.0,2.0,3.9,49.0,65.0,523.0,15.0,31.9,13.9,22.55,8.0,175.0,2521.0,429.0,5.9,7.0,5.0,154.0,160.0,243.0,1797.0,17.0,2.0,7.1,92.0,175.0,724.0,4.0,4.1,42.0,38.0,314.0,20.0,41.3,9.3,60.67
14.0,Miami Dolphins,84.0,34.0,40.5%,11.0,6.0,54.5%,18.0,12.0,66.7%,27.0,84.0,39.0,46.4%,9.0,8.0,88.9%,31.0,16.0,51.6%,24.0,65.0,389.0,36.9,16.9,6.0,29.7,Own 30.5,2:55,2.03,9.0,66.0,439.0,56.1,7.6,6.7,38.3,Own 30.8,3:29,2.89,22.0,9.0,163.0,1.0,74.0,18.1,38.0,1011.0,0.0,54.0,26.6,3219.0,26.0,8.0,59.0,0.0,7.4,26.0,736.0,1.0,28.3,22.0,150.0,222.0,67.6,1306.0,11.0,5.0,10.0,4.5,47.0,6.3,5.3,9.4,186.6,82.5,17.0,100.0,7.1,5.5,4.5,,,-3.06,13.0,144.0,193.0,74.6,1427.0,11.0,5.7,1.0,18.0,0.5,7.9,8.8,10.5,203.9,113.9,14.0,92.0,28.0,28.0,6.8,6.9,-77.48,20.0,23.0,1134.0,49.3,59.0,1072.0,46.6,64.0,0.0,0.0%,10.0,43.5%,0.0,14.0,17.0,828.0,48.7,0.0,26.0,140.0,647.0,4.0,49.0,4.6,92.4,10.0,9.24,32.0,214.0,1115.0,9.0,5.2,159.3,-15.54,29.0,4.0,11.0,1.0,,,,,16.0,1.0,1.0,,15.0,15.0,9.0,10.0,,140.0,20.0,29.0,9.0,11.0,,1.0,,1.0,,22.0,2.0,2.0,,18.0,20.0,17.0,18.0,,205.0,29.3,193.0,144.0,1427.0,11.0,6.3,713.0,806.0,71.0,31.4%,18.0,8.0%,13.0,6.7%,14.0,45.0,19.9%,55.0,30.0,205.0,2542.0,421.0,6.0,6.0,5.0,152.0,144.0,193.0,1427.0,11.0,1.0,6.9,77.0,214.0,1115.0,9.0,5.2,56.0,52.0,384.0,19.0,56.1,7.6,-80.18,24.0,140.0,1953.0,379.0,5.2,12.0,2.0,112.0,150.0,222.0,1306.0,11.0,10.0,5.5,77.0,140.0,647.0,4.0,4.6,29.0,49.0,389.0,6.0,36.9,16.9,4.13
31.0,Minnesota Vikings,73.0,25.0,34.2%,7.0,5.0,71.4%,21.0,11.0,52.4%,2.0,73.0,22.0,30.1%,8.0,5.0,62.5%,17.0,8.0,47.1%,23.0,66.0,367.0,39.4,15.2,5.6,28.7,Own 28.1,2:42,1.97,11.0,68.0,359.0,30.9,10.3,5.3,26.7,Own 32.1,2:40,1.63,1.0,18.0,176.0,0.0,29.0,9.8,26.0,652.0,0.0,38.0,25.1,3017.0,20.0,10.0,86.0,0.0,8.6,26.0,659.0,0.0,25.3,25.0,122.0,188.0,64.9,1289.0,8.0,4.3,7.0,3.7,81.0,7.6,6.8,11.8,214.8,86.6,23.0,145.0,10.9,6.1,5.4,2.0,2.0,10.06,4.0,109.0,161.0,67.7,1104.0,8.0,5.0,2.0,15.0,1.2,7.5,7.9,11.0,184.0,101.0,16.0,97.0,27.0,36.0,9.0,6.2,14.49,15.0,25.0,1213.0,48.5,86.0,1127.0,45.1,77.0,0.0,0.0%,7.0,28.0%,0.0,20.0,29.0,1383.0,47.7,0.0,28.0,142.0,623.0,5.0,24.0,4.4,103.8,11.0,-5.96,15.0,170.0,706.0,4.0,4.2,117.7,-0.13,11.0,5.0,8.0,,,1.0,1.0,,15.0,2.0,3.0,,12.0,12.0,13.0,14.0,,145.0,24.2,11.0,4.0,8.0,,,,2.0,,14.0,,0.0,,14.0,14.0,9.0,12.0,,125.0,20.8,161.0,109.0,1104.0,8.0,6.9,642.0,559.0,72.0,38.9%,25.0,13.5%,13.0,8.1%,16.0,54.0,29.2%,36.0,5.0,125.0,1810.0,347.0,5.2,7.0,5.0,100.0,109.0,161.0,1104.0,8.0,2.0,6.2,45.0,170.0,706.0,4.0,4.2,45.0,44.0,378.0,10.0,30.9,10.3,18.51,21.0,145.0,1912.0,353.0,5.4,11.0,4.0,110.0,122.0,188.0,1289.0,8.0,7.0,6.1,64.0,142.0,623.0,5.0,4.4,36.0,47.0,367.0,10.0,39.4,15.2,-5.74
13.0,New England Patriots,82.0,34.0,41.5%,12.0,10.0,83.3%,23.0,14.0,60.9%,9.0,74.0,29.0,39.2%,8.0,2.0,25.0%,14.0,10.0,71.4%,21.0,67.0,430.0,41.8,10.4,6.4,35.5,Own 30.8,3:14,2.39,13.0,69.0,405.0,36.2,13.0,5.9,31.7,Own 27.7,2:57,1.84,23.0,9.0,208.0,1.0,87.0,23.1,28.0,705.0,1.0,90.0,25.2,3460.0,19.0,9.0,161.0,1.0,17.9,28.0,690.0,0.0,24.6,8.0,153.0,204.0,75.0,1679.0,12.0,5.9,2.0,1.0,55.0,8.6,9.3,11.5,239.9,116.0,22.0,77.0,9.7,7.4,8.1,0.0,1.0,88.09,26.0,156.0,216.0,72.2,1650.0,10.0,4.6,5.0,20.0,2.3,8.1,8.0,11.3,235.7,102.0,18.0,109.0,35.0,39.0,7.7,7.1,-36.43,17.0,24.0,1129.0,47.0,161.0,928.0,38.7,73.0,2.0,8.3%,9.0,37.5%,0.0,16.0,23.0,999.0,43.4,0.0,18.0,194.0,724.0,7.0,22.0,3.7,103.4,10.0,-22.48,3.0,157.0,540.0,3.0,3.4,77.1,16.96,5.0,7.0,12.0,1.0,1.0,1.0,,,22.0,2.0,2.0,,18.0,20.0,9.0,10.0,,181.0,25.9,5.0,3.0,10.0,1.0,,,,,14.0,,0.0,,13.0,14.0,12.0,14.0,,133.0,19.0,216.0,156.0,1650.0,10.0,7.5,910.0,840.0,50.0,20.3%,14.0,5.7%,16.0,7.4%,18.0,48.0,19.5%,37.0,8.0,133.0,2190.0,391.0,5.6,9.0,4.0,133.0,156.0,216.0,1650.0,10.0,5.0,7.1,85.0,157.0,540.0,3.0,3.4,32.0,54.0,402.0,16.0,36.2,13.0,-14.41,6.0,181.0,2403.0,420.0,5.7,7.0,5.0,140.0,153.0,204.0,1679.0,12.0,2.0,7.4,83.0,194.0,724.0,7.0,3.7,46.0,58.0,447.0,11.0,41.8,10.4,59.45
18.0,New Orleans Saints,87.0,32.0,36.8%,11.0,3.0,27.3%,20.0,9.0,45.0%,14.0,82.0,32.0,39.0%,9.0,5.0,55.6%,24.0,14.0,58.3%,14.0,73.0,457.0,34.2,11.0,6.3,28.5,Own 29.9,2:42,1.63,18.0,72.0,447.0,44.4,12.5,6.2,32.2,Own 33.7,3:06,2.39,24.0,8.0,112.0,0.0,40.0,14.0,32.0,758.0,0.0,43.0,23.7,3159.0,24.0,11.0,175.0,1.0,15.9,23.0,643.0,0.0,28.0,17.0,160.0,239.0,66.9,1384.0,8.0,3.3,5.0,2.1,87.0,6.1,5.9,9.2,197.7,85.9,15.0,85.0,5.9,5.4,5.2,,,4.93,14.0,138.0,203.0,68.0,1444.0,14.0,6.9,4.0,31.0,2.0,7.5,8.0,11.0,206.3,104.7,14.0,75.0,34.0,33.0,6.5,6.7,-50.6,16.0,24.0,1038.0,43.3,175.0,823.0,32.9,61.0,2.0,8.3%,5.0,20.8%,1.0,19.0,20.0,884.0,44.2,0.0,21.0,183.0,701.0,3.0,18.0,3.8,100.1,5.0,0.87,26.0,218.0,906.0,6.0,4.2,129.4,7.66,27.0,3.0,8.0,,,1.0,,,12.0,,1.0,,11.0,11.0,14.0,20.0,,125.0,17.9,27.0,6.0,14.0,1.0,,,,,21.0,1.0,1.0,,19.0,20.0,13.0,14.0,,186.0,26.6,203.0,138.0,1444.0,14.0,8.3,770.0,746.0,55.0,23.6%,19.0,8.2%,15.0,7.4%,14.0,48.0,20.6%,34.0,27.0,186.0,2350.0,435.0,5.4,9.0,5.0,149.0,138.0,203.0,1444.0,14.0,4.0,6.7,79.0,218.0,906.0,6.0,4.2,55.0,62.0,471.0,15.0,44.4,12.5,-34.48,28.0,125.0,2085.0,437.0,4.8,8.0,3.0,136.0,160.0,239.0,1384.0,8.0,5.0,5.4,69.0,183.0,701.0,3.0,3.8,44.0,55.0,392.0,23.0,34.2,11.0,-1.29
5.0,New York Giants,96.0,38.0,39.6%,16.0,8.0,50.0%,24.0,11.0,45.8%,17.0,89.0,34.0,38.2%,6.0,5.0,83.3%,22.0,14.0,63.6%,13.0,73.0,471.0,37.0,12.3,6.5,32.2,Own 32.1,3:01,2.15,28.0,78.0,482.0,41.0,6.4,6.2,33.7,Own 25.3,2:42,2.15,3.0,16.0,149.0,0.0,21.0,9.3,29.0,791.0,0.0,46.0,27.3,3550.0,9.0,12.0,76.0,0.0,6.3,30.0,638.0,0.0,21.3,13.0,137.0,230.0,59.6,1480.0,10.0,4.3,6.0,2.6,52.0,6.9,6.6,11.5,211.4,83.9,20.0,97.0,8.0,5.9,5.6,,,26.61,28.0,175.0,275.0,63.6,1717.0,9.0,3.3,4.0,40.0,1.5,6.6,6.6,10.4,245.3,87.6,15.0,110.0,40.0,38.0,5.2,5.9,-33.67,9.0,28.0,1236.0,44.1,76.0,1100.0,39.3,69.0,3.0,10.7%,11.0,39.3%,0.0,24.0,29.0,1419.0,48.9,0.0,8.0,213.0,876.0,9.0,31.0,4.1,125.1,7.0,9.74,27.0,175.0,915.0,9.0,5.2,130.7,-28.57,23.0,9.0,10.0,,,,,,19.0,1.0,2.0,,13.0,17.0,8.0,8.0,,153.0,21.9,23.0,9.0,9.0,,,1.0,,,19.0,3.0,3.0,,15.0,16.0,14.0,17.0,,177.0,25.3,275.0,175.0,1717.0,9.0,8.3,1062.0,718.0,70.0,23.0%,18.0,5.9%,24.0,8.7%,15.0,57.0,18.8%,30.0,24.0,177.0,2632.0,465.0,5.7,5.0,1.0,159.0,175.0,275.0,1717.0,9.0,4.0,5.9,89.0,175.0,915.0,9.0,5.2,49.0,69.0,603.0,21.0,41.0,6.4,-59.81,15.0,153.0,2356.0,463.0,5.1,9.0,3.0,152.0,137.0,230.0,1480.0,10.0,6.0,5.9,67.0,213.0,876.0,9.0,4.1,61.0,57.0,506.0,24.0,37.0,12.3,24.75
22.0,New York Jets,91.0,30.0,33.0%,16.0,8.0,50.0%,14.0,8.0,57.1%,15.0,94.0,33.0,35.1%,8.0,7.0,87.5%,25.0,14.0,56.0%,8.0,75.0,433.0,33.3,10.7,5.8,25.4,Own 29.1,2:41,1.59,26.0,76.0,449.0,46.1,1.3,5.9,30.0,Own 33.0,2:52,2.33,6.0,14.0,135.0,0.0,19.0,9.6,40.0,1126.0,0.0,72.0,28.2,3387.0,25.0,12.0,75.0,0.0,6.3,22.0,613.0,0.0,27.9,32.0,129.0,204.0,63.2,1004.0,7.0,3.4,3.0,1.5,35.0,6.0,6.0,9.5,143.4,85.1,31.0,220.0,13.2,4.3,4.3,,,-24.51,11.0,129.0,202.0,63.9,1380.0,13.0,6.4,,29.0,,7.1,8.4,11.2,197.1,106.5,10.0,63.0,24.0,32.0,4.7,6.5,-43.57,8.0,29.0,1389.0,47.9,75.0,1294.0,44.6,58.0,1.0,3.4%,11.0,37.9%,0.0,25.0,32.0,1469.0,45.9,0.0,7.0,184.0,895.0,4.0,43.0,4.9,127.9,10.0,-0.55,25.0,219.0,905.0,5.0,4.1,129.3,-2.57,26.0,4.0,7.0,,,,,1.0,12.0,3.0,5.0,,7.0,7.0,14.0,14.0,1.0,129.0,18.4,26.0,5.0,13.0,,,,1.0,,19.0,,0.0,,18.0,19.0,17.0,18.0,,183.0,26.1,202.0,129.0,1380.0,13.0,6.4,585.0,858.0,67.0,29.4%,13.0,5.7%,13.0,6.4%,10.0,36.0,15.8%,55.0,26.0,183.0,2285.0,431.0,5.3,1.0,1.0,133.0,129.0,202.0,1380.0,13.0,0.0,6.5,78.0,219.0,905.0,5.0,4.1,42.0,53.0,432.0,13.0,46.1,1.3,-41.15,26.0,129.0,1899.0,419.0,4.5,10.0,7.0,123.0,129.0,204.0,1004.0,7.0,3.0,4.3,63.0,184.0,895.0,4.0,4.9,50.0,49.0,393.0,10.0,33.3,10.7,-36.91
23.0,Philadelphia Eagles,85.0,29.0,34.1%,12.0,9.0,75.0%,17.0,14.0,82.4%,28.0,93.0,40.0,43.0%,9.0,4.0,44.4%,23.0,10.0,43.5%,16.0,71.0,391.0,33.8,4.2,5.5,26.8,Own 27.5,2:49,2.03,17.0,71.0,470.0,46.5,9.9,6.6,34.0,Own 30.4,3:00,2.3,31.0,5.0,48.0,0.0,15.0,9.6,32.0,704.0,0.0,39.0,22.0,2941.0,1.0,20.0,271.0,0.0,13.6,30.0,667.0,0.0,22.2,16.0,136.0,195.0,69.7,1391.0,11.0,5.6,1.0,0.5,79.0,7.7,8.6,11.0,198.7,108.9,21.0,107.0,9.7,6.4,7.3,1.0,1.0,30.64,20.0,145.0,244.0,59.4,1549.0,7.0,2.9,5.0,36.0,2.0,6.6,6.3,11.1,221.3,80.1,11.0,61.0,38.0,25.0,4.3,6.1,-19.14,4.0,33.0,1724.0,52.2,271.0,1373.0,41.6,70.0,4.0,12.1%,7.0,21.2%,0.0,29.0,22.0,944.0,42.9,1.0,29.0,185.0,617.0,8.0,29.0,3.3,88.1,5.0,6.24,24.0,196.0,895.0,9.0,4.6,127.9,-20.1,20.0,8.0,11.0,,,,1.0,2.0,22.0,,1.0,,20.0,20.0,6.0,7.0,,170.0,24.3,20.0,9.0,7.0,,,,,,16.0,1.0,1.0,,14.0,15.0,17.0,20.0,1.0,165.0,23.6,244.0,145.0,1549.0,7.0,9.3,904.0,706.0,64.0,23.4%,14.0,5.1%,26.0,10.7%,11.0,51.0,18.6%,43.0,21.0,165.0,2444.0,451.0,5.4,7.0,2.0,148.0,145.0,244.0,1549.0,7.0,5.0,6.1,66.0,196.0,895.0,9.0,4.6,61.0,40.0,374.0,21.0,46.5,9.9,-36.26,10.0,170.0,2008.0,401.0,5.0,3.0,2.0,120.0,136.0,195.0,1391.0,11.0,1.0,6.4,63.0,185.0,617.0,8.0,3.3,47.0,49.0,456.0,10.0,33.8,4.2,31.3
24.0,Pittsburgh Steelers,67.0,29.0,43.3%,3.0,1.0,33.3%,18.0,13.0,72.2%,22.0,86.0,36.0,41.9%,17.0,11.0,64.7%,23.0,11.0,47.8%,28.0,63.0,339.0,42.9,7.9,5.4,28.4,Own 33.2,2:37,2.37,3.0,59.0,429.0,44.1,15.3,7.3,38.2,Own 27.3,3:19,2.27,29.0,7.0,66.0,0.0,17.0,9.4,24.0,623.0,0.0,37.0,26.0,2590.0,15.0,8.0,82.0,0.0,10.3,32.0,831.0,0.0,26.0,28.0,120.0,174.0,69.0,1218.0,14.0,8.0,5.0,2.9,80.0,7.4,7.7,10.7,203.0,105.1,9.0,64.0,4.9,6.7,7.0,1.0,2.0,42.11,21.0,156.0,237.0,65.8,1553.0,10.0,4.2,5.0,37.0,2.1,7.1,7.0,10.9,258.8,92.0,22.0,141.0,59.0,37.0,8.5,6.0,-29.98,26.0,19.0,894.0,47.1,82.0,772.0,40.6,64.0,2.0,10.5%,7.0,36.8%,0.0,6.0,17.0,797.0,46.9,0.0,30.0,144.0,567.0,3.0,37.0,3.9,94.5,5.0,0.46,12.0,157.0,695.0,4.0,4.4,115.8,-9.56,19.0,3.0,14.0,,,,,,17.0,1.0,1.0,,16.0,16.0,10.0,12.0,,150.0,25.0,19.0,4.0,10.0,,,,,2.0,15.0,1.0,3.0,,12.0,12.0,12.0,13.0,,140.0,23.3,237.0,156.0,1553.0,10.0,7.0,939.0,733.0,88.0,32.7%,21.0,7.8%,27.0,11.4%,22.0,70.0,26.0%,52.0,13.0,140.0,2248.0,416.0,5.4,10.0,5.0,140.0,156.0,237.0,1553.0,10.0,5.0,6.0,76.0,157.0,695.0,4.0,4.4,51.0,34.0,299.0,13.0,44.1,15.3,-30.37,18.0,150.0,1785.0,327.0,5.5,5.0,0.0,106.0,120.0,174.0,1218.0,14.0,5.0,6.7,54.0,144.0,567.0,3.0,3.9,40.0,36.0,253.0,12.0,42.9,7.9,38.52
1.0,San Francisco 49ers,101.0,48.0,47.5%,10.0,6.0,60.0%,23.0,11.0,47.8%,6.0,79.0,28.0,35.4%,10.0,6.0,60.0%,20.0,12.0,60.0%,15.0,72.0,501.0,43.1,15.3,7.0,35.7,Own 28.6,3:09,2.01,16.0,71.0,432.0,33.8,8.5,6.1,31.2,Own 31.7,2:49,1.86,12.0,13.0,115.0,0.0,18.0,8.8,22.0,534.0,0.0,38.0,24.3,3306.0,12.0,11.0,175.0,1.0,15.9,29.0,745.0,0.0,25.7,1.0,178.0,267.0,66.7,1899.0,10.0,3.7,8.0,3.0,56.0,7.5,6.9,11.2,271.3,88.7,14.0,91.0,5.0,6.8,6.2,2.0,3.0,50.74,19.0,152.0,231.0,65.8,1516.0,11.0,4.8,,21.0,,6.8,7.8,10.4,216.6,101.2,9.0,60.0,19.0,33.0,3.8,6.3,-37.59,25.0,20.0,888.0,44.4,175.0,693.0,34.7,54.0,1.0,5.0%,9.0,45.0%,0.0,8.0,27.0,1353.0,50.1,0.0,23.0,200.0,667.0,3.0,19.0,3.3,95.3,7.0,-20.08,13.0,178.0,706.0,4.0,4.0,100.9,2.04,7.0,3.0,10.0,,,,,,13.0,1.0,1.0,,11.0,12.0,18.0,20.0,,145.0,20.7,7.0,4.0,11.0,1.0,,,,,16.0,,2.0,,13.0,14.0,9.0,14.0,1.0,138.0,19.7,231.0,152.0,1516.0,11.0,8.7,968.0,608.0,41.0,16.2%,7.0,2.8%,10.0,4.3%,9.0,26.0,10.3%,36.0,11.0,138.0,2222.0,418.0,5.3,6.0,6.0,134.0,152.0,231.0,1516.0,11.0,0.0,6.3,74.0,178.0,706.0,4.0,4.0,44.0,44.0,305.0,16.0,33.8,8.5,-27.11,20.0,145.0,2566.0,481.0,5.3,11.0,3.0,155.0,178.0,267.0,1899.0,10.0,8.0,6.8,100.0,200.0,667.0,3.0,3.3,43.0,44.0,358.0,12.0,43.1,15.3,27.21
29.0,Seattle Seahawks,81.0,27.0,33.3%,6.0,4.0,66.7%,25.0,17.0,68.0%,23.0,101.0,36.0,35.6%,14.0,8.0,57.1%,22.0,11.0,50.0%,7.0,77.0,422.0,41.6,14.3,5.5,31.7,Own 31.1,2:35,2.23,31.0,81.0,477.0,32.1,9.9,5.9,26.4,Own 29.1,2:43,1.6,4.0,16.0,238.0,1.0,95.0,14.9,26.0,739.0,0.0,60.0,28.4,3588.0,2.0,13.0,143.0,0.0,11.0,34.0,805.0,0.0,23.7,7.0,133.0,196.0,67.9,1711.0,12.0,6.1,5.0,2.6,61.0,9.0,9.1,13.3,244.4,106.0,9.0,58.0,4.4,8.3,8.4,0.0,2.0,58.54,24.0,180.0,276.0,65.2,1611.0,11.0,4.0,8.0,40.0,2.9,6.4,5.9,9.9,230.1,84.5,23.0,165.0,57.0,41.0,7.7,5.4,-31.32,12.0,26.0,1276.0,49.1,143.0,1092.0,42.0,58.0,2.0,7.7%,10.0,38.5%,0.0,21.0,33.0,1590.0,48.2,1.0,17.0,202.0,743.0,8.0,31.0,3.7,106.1,9.0,-17.53,2.0,161.0,530.0,2.0,3.3,75.7,22.43,6.0,8.0,12.0,1.0,,,,1.0,22.0,,0.0,,22.0,22.0,13.0,17.0,,193.0,27.6,6.0,2.0,11.0,,,1.0,,,14.0,2.0,4.0,,9.0,10.0,13.0,17.0,,136.0,19.4,276.0,180.0,1611.0,11.0,7.1,723.0,824.0,36.0,11.4%,28.0,8.9%,21.0,7.6%,23.0,72.0,22.8%,51.0,9.0,136.0,2141.0,460.0,4.7,8.0,0.0,136.0,180.0,276.0,1611.0,11.0,8.0,5.4,89.0,161.0,530.0,2.0,3.3,29.0,53.0,417.0,18.0,32.1,9.9,0.12,4.0,193.0,2454.0,407.0,6.0,12.0,7.0,136.0,133.0,196.0,1711.0,12.0,5.0,8.3,78.0,202.0,743.0,8.0,3.7,41.0,46.0,389.0,17.0,41.6,14.3,34.55
11.0,Tampa Bay Buccaneers,89.0,34.0,38.2%,10.0,5.0,50.0%,20.0,10.0,50.0%,13.0,87.0,32.0,36.8%,14.0,6.0,42.9%,18.0,12.0,66.7%,6.0,77.0,452.0,41.6,5.2,5.9,30.8,Own 30.4,2:47,2.18,23.0,75.0,439.0,40.0,10.7,5.9,30.4,Own 30.8,2:44,2.16,7.0,14.0,199.0,0.0,54.0,14.2,31.0,751.0,0.0,35.0,24.2,3504.0,6.0,8.0,124.0,0.0,15.5,35.0,948.0,0.0,27.1,9.0,157.0,245.0,64.1,1675.0,13.0,5.3,2.0,0.8,77.0,7.2,7.9,11.3,239.3,99.8,14.0,92.0,5.4,6.5,7.1,4.0,4.0,40.49,23.0,156.0,228.0,68.4,1603.0,11.0,4.8,5.0,30.0,2.2,7.7,7.7,11.3,229.0,98.2,20.0,158.0,44.0,45.0,8.1,6.5,-23.0,6.0,29.0,1250.0,43.1,124.0,1086.0,35.0,62.0,2.0,6.9%,11.0,37.9%,2.0,27.0,24.0,1186.0,49.4,0.0,22.0,175.0,697.0,5.0,33.0,4.0,99.6,7.0,6.53,11.0,176.0,693.0,7.0,3.9,99.0,2.05,22.0,5.0,13.0,,,,1.0,,19.0,1.0,4.0,,14.0,15.0,14.0,18.0,1.0,174.0,24.9,22.0,7.0,11.0,,,,,2.0,20.0,,1.0,,19.0,19.0,12.0,15.0,,175.0,25.0,228.0,156.0,1603.0,11.0,7.3,750.0,770.0,77.0,28.5%,14.0,5.2%,15.0,6.6%,20.0,49.0,18.1%,34.0,23.0,175.0,2296.0,424.0,5.4,8.0,3.0,133.0,156.0,228.0,1603.0,11.0,5.0,6.5,83.0,176.0,693.0,7.0,3.9,35.0,51.0,435.0,15.0,40.0,10.7,-14.83,9.0,174.0,2372.0,434.0,5.5,4.0,2.0,137.0,157.0,245.0,1675.0,13.0,2.0,6.5,78.0,175.0,697.0,5.0,4.0,40.0,46.0,372.0,19.0,41.6,5.2,37.93
30.0,Tennessee Titans,92.0,26.0,28.3%,10.0,4.0,40.0%,11.0,5.0,45.5%,25.0,91.0,37.0,40.7%,11.0,9.0,81.8%,26.0,15.0,57.7%,5.0,77.0,425.0,28.6,15.6,5.5,21.4,Own 29.4,2:27,1.17,22.0,75.0,446.0,42.7,9.3,5.9,32.6,Own 34.5,3:05,2.4,28.0,7.0,97.0,0.0,21.0,13.9,31.0,816.0,0.0,71.0,26.3,2818.0,30.0,14.0,139.0,0.0,9.9,18.0,479.0,0.0,26.6,30.0,136.0,236.0,57.6,1119.0,4.0,1.7,5.0,2.1,47.0,5.7,5.1,10.0,159.9,70.9,30.0,237.0,11.3,4.2,3.7,1.0,1.0,-54.07,16.0,150.0,205.0,73.2,1470.0,9.0,4.4,4.0,19.0,2.0,7.6,7.6,10.4,210.0,101.3,13.0,93.0,35.0,30.0,6.0,6.7,-51.35,5.0,32.0,1523.0,47.6,139.0,1340.0,41.9,65.0,2.0,6.3%,11.0,34.4%,0.0,28.0,25.0,1151.0,46.0,0.0,31.0,139.0,530.0,2.0,27.0,3.8,75.7,7.0,-14.87,30.0,215.0,977.0,12.0,4.5,139.6,-9.96,28.0,2.0,4.0,,,1.0,,,7.0,,0.0,,6.0,7.0,16.0,20.0,,96.0,13.7,28.0,12.0,9.0,,,1.0,1.0,,23.0,,1.0,,21.0,22.0,11.0,13.0,,192.0,27.4,205.0,150.0,1470.0,9.0,6.6,811.0,752.0,40.0,17.2%,9.0,3.9%,21.0,10.2%,13.0,43.0,18.5%,51.0,28.0,192.0,2447.0,433.0,5.7,9.0,5.0,138.0,150.0,205.0,1470.0,9.0,4.0,6.7,70.0,215.0,977.0,12.0,4.5,52.0,39.0,257.0,16.0,42.7,9.3,-51.3,32.0,96.0,1649.0,405.0,4.1,12.0,7.0,107.0,136.0,236.0,1119.0,4.0,5.0,4.2,68.0,139.0,530.0,2.0,3.8,30.0,51.0,380.0,9.0,28.6,15.6,-74.3
28.0,Washington Commanders,76.0,27.0,35.5%,9.0,5.0,55.6%,18.0,14.0,77.8%,24.0,92.0,36.0,39.1%,10.0,5.0,50.0%,24.0,14.0,58.3%,17.0,71.0,422.0,40.8,11.3,5.9,33.1,Own 31.3,2:43,2.3,21.0,74.0,454.0,43.2,4.1,6.1,34.4,Own 29.1,3:01,2.22,8.0,14.0,194.0,1.0,90.0,13.9,30.0,934.0,0.0,69.0,31.1,3649.0,18.0,11.0,39.0,0.0,3.5,26.0,624.0,0.0,24.0,18.0,124.0,204.0,60.8,1373.0,11.0,5.4,3.0,1.5,56.0,7.1,7.6,11.8,196.1,94.3,18.0,84.0,8.1,6.2,6.6,,,33.04,27.0,138.0,215.0,64.2,1668.0,12.0,5.6,2.0,31.0,0.9,8.3,9.0,13.0,238.3,105.0,19.0,120.0,42.0,37.0,8.1,7.1,-43.4,22.0,22.0,1076.0,48.9,39.0,981.0,44.6,64.0,3.0,13.6%,10.0,45.5%,0.0,10.0,25.0,1216.0,48.6,0.0,1.0,192.0,1042.0,9.0,60.0,5.4,148.9,10.0,20.39,23.0,203.0,882.0,5.0,4.3,126.0,-6.27,21.0,9.0,11.0,1.0,,,,,21.0,2.0,3.0,,18.0,18.0,10.0,14.0,1.0,180.0,25.7,21.0,5.0,12.0,,,,1.0,,18.0,1.0,3.0,,15.0,15.0,15.0,17.0,,170.0,24.3,215.0,138.0,1668.0,12.0,8.5,901.0,871.0,68.0,27.5%,11.0,4.5%,15.0,7.0%,19.0,45.0,18.2%,51.0,22.0,170.0,2550.0,437.0,5.8,3.0,1.0,138.0,138.0,215.0,1668.0,12.0,2.0,7.1,81.0,203.0,882.0,5.0,4.3,45.0,56.0,459.0,12.0,43.2,4.1,-41.14,7.0,180.0,2415.0,414.0,5.8,8.0,5.0,136.0,124.0,204.0,1373.0,11.0,3.0,6.2,64.0,192.0,1042.0,9.0,5.4,53.0,53.0,429.0,19.0,40.8,11.3,36.99
